{"kt": 0.6222491019220118, "R": 3.609901777259689, "armature": 0.0017082898643432693, "friction_base": 0.008198785420833988, "friction_stribeck": 0.032331804876963244, "dtheta_stribeck": 0.480990823767711, "alpha": 1.7665529589993028, "friction_viscous": 0.002288371134134418, "model": "m2", "actuator": "xc330m288t"}