{"kt": 0.5933149528929073, "R": 3.0908025858023978, "armature": 0.001740238962863307, "friction_base": 0.003644687999090908, "load_friction_base": 0.14317225549379053, "friction_viscous": 0.00040310379324539524, "model": "m3", "actuator": "xc330m288t"}