{"kt": 0.5845447271083603, "R": 3.7059162227206026, "armature": 0.0018384411767019028, "friction_base": 0.005806661607814579, "friction_viscous": 0.003018916288067277, "model": "m1", "actuator": "xc330m288t"}