{"kt": 0.6315693697007869, "R": 2.554066784203822, "armature": 0.0021318055445178436, "friction_base": 0.003106190692997288, "friction_stribeck": 7.521454332451162e-05, "load_friction_motor": 0.11557560585963594, "load_friction_external": 0.1852801691928658, "load_friction_motor_stribeck": 0.18986576351110943, "load_friction_external_stribeck": 0.04584313064322894, "load_friction_motor_quad": 0.0025739287612674727, "load_friction_external_quad": 0.002670049014144397, "dtheta_stribeck": 0.5494528401841481, "alpha": 1.2688765479892836, "friction_viscous": 0.0029764678033717094, "model": "m6", "actuator": "xc330m288t"}